message,label
Mega shopping sale starts today with exciting discounts.,Promotional
Shop now for exciting deals and special discounts.,Promotional
The question bank for the upcoming examination has been uploaded to the LMS.,Academic
Special festival sale is live with discounts up to 80 percent.,Promotional
Hurry! The biggest sale of the season ends tonight.,Promotional
The placement cell has scheduled a coding practice test for tomorrow.,Placement
The company recruitment presentation will be held in the main auditorium.,Placement
The department has released the schedule for the practical examinations.,Academic
Students must verify their examination seat number on the portal.,Academic
The faculty has uploaded lecture slides for the next chapter.,Academic
Shortlisted candidates should check their university email for interview instructions.,Placement
Free recharge available for selected users. Claim your reward now.,Promotional
Eligible students should check whether their branch is included in the recruitment notice.,Placement
Students must carry two copies of their resume for the campus interview.,Placement
Students should check the portal for their internal assessment marks.,Academic
The Artificial Intelligence lecture has been shifted to Room 305.,Academic
Candidates must submit their updated resumes before attending the recruitment process.,Placement
The placement team will conduct a mock interview session on Friday.,Placement
Students must complete the online course registration before the deadline.,Academic
Shop today and receive free shipping on eligible orders.,Promotional
The placement cell has published the list of students eligible for the coding test.,Placement
The Electronics practical journal must be signed by the faculty before submission.,Academic
Your bonus coupon is ready. Activate it before it expires.,Promotional
Students should collect their practical examination instructions from the department.,Academic
The company coding challenge will be conducted online on Sunday.,Placement
The seminar attendance will be recorded at the entrance of the hall.,Academic
The Computer Graphics assignment deadline is tomorrow evening.,Academic
Win a travel package by entering our promotional contest.,Promotional
The placement department has announced a recruitment drive for data analyst roles.,Placement
The final year project review will take place in the project laboratory.,Academic
Candidates selected for the next recruitment round will receive instructions by email.,Placement
The class test on Software Engineering is scheduled for Friday morning.,Academic
The placement office has published the names of students shortlisted for interviews.,Placement
Win exciting prizes by participating in our online contest.,Promotional
Students interested in the internship-to-placement opportunity should register today.,Placement
The final interview schedule for the selected candidates has been published.,Placement
Hurry! Our limited-time discount offer ends soon.,Promotional
Congratulations! You have qualified for a promotional gift.,Promotional
The placement training session on quantitative aptitude will begin at 4 PM.,Placement
The placement cell has opened registration for a product support engineer position.,Placement
The campus recruitment test will be conducted in the computer center.,Placement
The company HR session will explain the selection process and eligibility criteria.,Placement
Win exciting prizes in our latest promotional giveaway.,Promotional
Students must complete the registration form for the upcoming recruitment drive.,Placement
The company will conduct a pre-placement interaction with registered students.,Placement
The next lecture on Natural Language Processing will start at 11 AM.,Academic
Congratulations! You have won a free gift voucher. Claim it today.,Promotional
Students appearing for the coding round should carry their college identity cards.,Placement
Eligible students should complete the placement eligibility declaration form.,Placement
Students interested in the software developer opening must register before Wednesday.,Placement
The online aptitude assessment will open at 10 AM for registered students.,Placement
The company has invited eligible students for an online technical assessment.,Placement
The placement office will conduct a mock group discussion session this week.,Placement
The department has scheduled a doubt-solving session for the final examination.,Academic
The next Operating Systems lecture will start at 9 AM instead of 10 AM.,Academic
Get a complimentary gift when you complete your promotional order.,Promotional
Mega discount alert! Save more during our weekend sale.,Promotional
Get special prices on popular products for a limited time.,Promotional
The recruitment drive for the trainee engineer position is scheduled next week.,Placement
The project review meeting is scheduled for Monday afternoon.,Academic
The Deep Learning assignment submission portal will close at 5 PM on Friday.,Academic
Buy one item and get another at a special promotional price.,Promotional
Shop now and receive an exclusive promotional gift.,Promotional
Enjoy a promotional discount on your next purchase.,Promotional
The placement cell has arranged a communication skills training session.,Placement
The faculty has uploaded Unit 3 notes to the student portal.,Academic
The course registration portal will remain open until Saturday evening.,Academic
Click now to unlock your exclusive discount coupon.,Promotional
The placement department has released the company eligibility criteria.,Placement
The placement department has scheduled a resume-building workshop for final-year students.,Placement
The Artificial Intelligence unit test will be conducted next Wednesday.,Academic
Flash deal: selected products are available at special prices.,Promotional
Free gift voucher available for selected customers. Claim now.,Promotional
The placement cell has shared preparation material for the upcoming aptitude test.,Placement
The college has published the timetable for the next semester.,Academic
The assignment on database normalization is due next Thursday.,Academic
Students selected for the academic presentation should report to Seminar Hall B.,Academic
Students should download the revised syllabus before preparing for the examination.,Academic
The faculty has uploaded the assignment rubric to the LMS.,Academic
Mega sale alert! Save more on selected products today.,Promotional
The pre-placement talk for the technology company will begin at 2 PM.,Placement
Big savings are available during our limited-time shopping event.,Promotional
The Data Science assignment is due by Monday at 5 PM.,Academic
Your exclusive shopping coupon is waiting. Activate it today.,Promotional
Your lucky number has won a shopping voucher. Claim your prize.,Promotional
The aptitude test for the upcoming campus placement will be conducted on Saturday.,Placement
The university has announced the dates for the semester examinations.,Academic
Candidates shortlisted for the coding round will receive a separate assessment link.,Placement
Eligible students must upload their resumes to the placement portal by Friday.,Placement
Get a free movie ticket with your promotional purchase today.,Promotional
The attendance report for this month is available on the student portal.,Academic
Candidates should review the job description before attending the pre-placement talk.,Placement
Get instant cashback on your next online purchase.,Promotional
Candidates selected for the final interview must report to the seminar hall.,Placement
The Data Structures lecture will cover binary trees in Room 204 at 10 AM.,Academic
Students must submit the Operating Systems assignment on the LMS by Friday.,Academic
The company pre-placement talk is scheduled for 11 AM in Seminar Hall A.,Placement
The examination form submission deadline has been extended until Friday.,Academic
The placement cell will conduct a group discussion practice session tomorrow.,Placement
Limited stock offer! Get your favorite products at reduced prices.,Promotional
The placement portal is open for registration for the new campus drive.,Placement
Students eligible for the drive must verify their academic details before registration.,Placement
The company will conduct an online coding assessment for registered candidates.,Placement
Flash sale today! Get up to 70 percent off on selected products.,Promotional
Eligible students can register for the business analyst campus opportunity.,Placement
The NLP practical will be conducted in Lab 3 on Thursday.,Academic
Enjoy an extra discount during our weekend promotional sale.,Promotional
The Python practical assignment should be submitted before the next lab.,Academic
Students must carry their identity cards for the university examination.,Academic
Free delivery offer is available for a limited time.,Promotional
Get special festival discounts while stocks last.,Promotional
The faculty has uploaded reference material for the upcoming unit.,Academic
The viva for the Web Development practical will be held after the lab session.,Academic
Your exclusive reward is waiting. Click to claim it.,Promotional
Get premium membership at a special introductory price.,Promotional
The deadline for submitting the Python laboratory journal is Wednesday.,Academic
The C++ programming test will be conducted during tomorrow's lab session.,Academic
The company presentation for the campus drive is scheduled for tomorrow.,Placement
Limited-time cashback offer available on selected purchases.,Promotional
Exclusive deal for students: enjoy 50 percent off selected items.,Promotional
The Machine Learning practical will be conducted in Lab 4 tomorrow.,Academic
The Computer Networks assignment must be submitted through the LMS.,Academic
Students must bring a printed resume and college ID for the recruitment process.,Placement
Save up to 75 percent during our biggest online sale.,Promotional
Get 60 percent off on fashion products for a limited time.,Promotional
Enjoy a special weekend discount on selected products.,Promotional
The interview schedule for shortlisted candidates is now available on the placement portal.,Placement
The project synopsis must be submitted to the department office by Monday.,Academic
The college has published the internal assessment schedule.,Academic
Students attending the placement test should report thirty minutes before the start time.,Placement
Win exciting rewards by clicking to enter our contest.,Promotional
Congratulations! You qualify for a special bonus reward.,Promotional
The department meeting for academic representatives is scheduled for Friday.,Academic
Exclusive weekend offer: save big on selected electronics.,Promotional
The project documentation must be submitted along with the final presentation.,Academic
The Java programming practical has been rescheduled to Wednesday.,Academic
Students interested in the campus opportunity must submit their details by Monday.,Placement
Students must complete the attendance correction request by tomorrow.,Academic
Students must verify their contact information before applying through the placement portal.,Placement
The faculty has shared important instructions for the semester project review.,Academic
Special student deal: save 40 percent on selected accessories.,Promotional
Special offer just for you. Shop now before the deal ends.,Promotional
Students shortlisted for the recruitment drive should report to the placement office.,Placement
The Software Testing practical will begin at 1 PM in Lab 5.,Academic
Flash offer ends at midnight. Shop now to receive the discount.,Promotional
The faculty will conduct a revision session before the end-semester test.,Academic
The campus recruitment registration deadline has been extended until Thursday.,Placement
Congratulations! A free reward has been reserved for you.,Promotional
The project demonstration will be held in the department laboratory next week.,Academic
The placement team has announced a career guidance session for graduating students.,Placement
Your special cashback reward is ready. Click now to claim it.,Promotional
The internal assessment test for Computer Networks will begin at 11 AM.,Academic
Students must confirm their participation in the campus hiring process.,Placement
Students attending the practical examination must report fifteen minutes early.,Academic
Students eligible for the internship selection process should register with the placement office.,Placement
Special online sale offers free shipping on selected orders.,Promotional
Claim your free voucher before the promotional period ends.,Promotional
Special reward waiting for you! Claim your free gift today.,Promotional
Students must submit the signed practical record before the final lab.,Academic
The technical interview round for shortlisted candidates is scheduled for Monday.,Placement
The internal examination form must be completed before the stated deadline.,Academic
The semester examination timetable is now available on the college portal.,Academic
Candidates must attend the mandatory placement orientation before the drive.,Placement
The technical assessment link will be sent to candidates registered for the drive.,Placement
A campus hiring process for graduate engineer trainees will begin next week.,Placement
Congratulations! You are eligible for a promotional cashback reward.,Promotional
Your exclusive bonus is ready. Click now to receive it.,Promotional
The placement cell has shared the job description for the current campus opening.,Placement
Students with attendance shortage must meet the class coordinator this week.,Academic
The faculty has announced a revision lecture for Probability and Statistics.,Academic
The department has announced a classroom change for today's lecture.,Academic
Get exciting prizes by joining our online promotional event.,Promotional
The campus hiring team will conduct the HR interview round on Friday.,Placement
The seminar on Cloud Computing will begin at 2 PM in Seminar Hall A.,Academic
Limited offer! Receive a free gift with qualifying orders.,Promotional
Students must resolve any timetable conflicts with the department office.,Academic
Exclusive deal unlocked for your account. Shop before midnight.,Promotional
The technical interview panel will evaluate programming and problem-solving skills.,Placement
Win a brand-new smartphone in our promotional contest.,Promotional
Claim a complimentary voucher before the offer expires.,Promotional
The faculty has requested students to complete the feedback form for the course.,Academic
The project presentation slots have been assigned to each team.,Academic
Eligible students should check the placement portal for the latest company notice.,Placement
The department has released instructions for the upcoming university examination.,Academic
You have been selected for a surprise reward. Claim it now.,Promotional
Special student coupon available for online purchases.,Promotional
Don't miss today's flash sale with discounts across multiple categories.,Promotional
The DBMS viva will be conducted after completion of the practical examination.,Academic
The Computer Architecture lecture will be held in Room 208 tomorrow.,Academic
The aptitude screening test will be conducted in the computer laboratory.,Placement
The mathematics tutorial will be conducted during the regular lecture period.,Academic
The faculty has uploaded solved examples for the upcoming mathematics test.,Academic
Congratulations winner! Claim your complimentary gift before it expires.,Promotional
Claim your free promotional voucher before midnight.,Promotional
Enjoy an additional discount when you use our promotional coupon.,Promotional
Special offer: receive a free gift with today's purchase.,Promotional
The placement office has announced a workshop on resume and interview preparation.,Placement
The statistics worksheet must be submitted before the next lecture.,Academic
Unlock your exclusive coupon and save money on your next order.,Promotional
Win a shopping voucher by participating in our promotional campaign.,Promotional
The DBMS practical examination is scheduled for Tuesday in Lab 2.,Academic
The faculty has shared a list of topics for the oral examination.,Academic
Special student discount available now. Shop online and save more.,Promotional
Candidates must complete the online application before the company deadline.,Placement
Limited time offer! Get free delivery on all orders placed today.,Promotional
The company has announced a campus opportunity for junior software engineers.,Placement
The placement cell has released the schedule for the upcoming interview rounds.,Placement
The recruitment team will conduct a technical test in Lab 6.,Placement
Shortlisted students must attend the pre-placement presentation tomorrow morning.,Placement
Get 50 percent off on selected shoes during today's sale.,Promotional
The placement cell has announced a campus recruitment drive for eligible final-year students.,Placement
Exclusive coupon unlocked! Use it today and save money.,Promotional
The aptitude preparation class will cover logical reasoning and quantitative questions.,Placement
Free gift offer available with qualifying purchases.,Promotional
The Data Mining practical has been moved from Lab 1 to Lab 3.,Academic
Limited time shopping offer with free delivery and cashback.,Promotional
The university examination hall ticket is available for download.,Academic
"The recruitment drive will include an aptitude test, technical interview, and HR round.",Placement
Students should bring their lab manuals for tomorrow's Computer Graphics practical.,Academic
The placement office has announced an interview preparation session for next week.,Placement
Special cashback offer available for a limited period.,Promotional
Students shortlisted for the technical interview should prepare their project details.,Placement
